name,latitude,longitude
CALDECOTT MRT STATION (TE9),1.33724561271722,103.840161782075
CASHEW MRT STATION (DT2),1.36981544925552,103.76443921414
DEFU MRT STATION (CR07),1.362556148341,103.898195425088
LENTOR MRT STATION (TE5),1.38550657972169,103.835743809669
MARINA BAY MRT STATION (CE2),1.27625146423743,103.855447156279
MARINA BAY MRT STATION (NS27),1.276410298755,103.854595522263
MARINA BAY MRT STATION (TE20),1.27474173226842,103.855309167928
SHENTON WAY MRT STATION (TE19),1.2777168283425,103.850367596067
SOMERSET MRT STATION (NS23),1.30026416739006,103.839085753124
UPPER THOMSON MRT STATION (TE8),1.35441643365401,103.832898468504
BAYFRONT MRT STATION (DT16 / CE1),1.28187378879209,103.859079764874
DOWNTOWN MRT STATION (DT17),1.27944638178916,103.852840829581
EXPO MRT STATION (DT35),1.33538252614956,103.962374747451
GARDENS BY THE BAY MRT STATION (TE22),1.27848725876303,103.867454664421
MARINA SOUTH MRT STATION (TE21),1.27455475919137,103.863574321728
MARINA SOUTH PIER MRT STATION (NS28),1.27102703612006,103.862447515736
NAPIER MRT STATION (TE12),1.30678223364785,103.818956796815
PROMENADE MRT STATION (CC4),1.29399798636232,103.860350000188
TAMPINES WEST MRT STATION (DT31),1.34551530560119,103.938436971222
TANJONG KATONG MRT STATION (TE25),1.29931925769899,103.897368742078
KALLANG MRT STATION (EW10),1.31148890998818,103.871386541754
KING ALBERT PARK MRT STATION (DT6),1.33566161262214,103.783399113441
NICOLL HIGHWAY MRT STATION (CC5),1.29976684675139,103.86363696572
PROMENADE MRT STATION (DT15),1.29289175383295,103.860891800025
RAFFLES PLACE MRT STATION (EW14 / NS26),1.28412561043658,103.851461712342
SENGKANG MRT STATION (NE16),1.39169462601522,103.895484694279
STADIUM MRT STATION (CC6),1.3028124684707,103.875337711089
SUNGEI BEDOK MRT STATION (TE31 / DT37),1.32040148729112,103.957183823478
TANJONG RHU MRT STATION (TE23),1.29726507940646,103.873453254621
TELOK AYER MRT STATION (DT18),1.28206894769394,103.848648781083
CANTONMENT MRT STATION (CC31),1.27287214563203,103.837062313764
CHINATOWN MRT STATION (DT19),1.28422391919085,103.845143798953
CHINATOWN MRT STATION (NE4),1.28435959278583,103.843426681863
CLARKE QUAY MRT STATION (NE5),1.28838602407588,103.846555209694
HARBOURFRONT MRT STATION (NE1 / CC29),1.26538938374901,103.821530157095
MAXWELL MRT STATION (TE18),1.28053329842878,103.843883670633
ONE-NORTH MRT STATION (CC23),1.29975987493555,103.78745750525
OUTRAM PARK MRT STATION (NE3),1.27972059383553,103.839439862425
PRINCE EDWARD ROAD MRT STATION (CC32),1.27315693636085,103.847097123745
TANJONG PAGAR MRT STATION (EW15),1.27656131737246,103.845725186759
BRADDELL MRT STATION (NS18),1.3404690010277,103.846799083148
BUANGKOK MRT STATION (NE15),1.38287001971672,103.893122569706
BUKIT BATOK MRT STATION (NS2),1.34903331201636,103.749566478309
EXPO MRT STATION (CG1),1.33454977824817,103.961548211018
JURONG EAST MRT STATION (EW24 / NS1),1.3330275154394,103.742370487607
KAKI BUKIT MRT STATION (DT28),1.33496735995428,103.908459338046
KEPPEL MRT STATION (CC30),1.26977220124441,103.830031459524
PASIR RIS EAST MRT STATION (CR4),1.36712928287615,103.960557318417
TAMPINES MRT STATION (DT32),1.35515041120473,103.943009883131
TAMPINES MRT STATION (EW2),1.35330167637376,103.945144586749
BOON LAY MRT STATION (JS8),1.33809844792781,103.704624110866
BOTANIC GARDENS MRT STATION (CC19),1.32211373558877,103.814984510627
BRIGHT HILL MRT STATION (TE7),1.36328318545185,103.832893619992
BUONA VISTA MRT STATION (EW21),1.3072237082044,103.790253514502
CHOA CHU KANG MRT STATION (NS4),1.38536316540225,103.744370779756
CORPORATION MRT STATION (JS5),1.35306468148146,103.713943249051
MACPHERSON MRT STATION (DT26),1.32615024457361,103.889298600376
OUTRAM PARK MRT STATION (EW16),1.28140504772213,103.839130979249
PASIR RIS MRT STATION (EW1),1.37304331635804,103.949284527763
SIGLAP MRT STATION (TE28),1.31000869432289,103.930025826708
BEAUTY WORLD MRT STATION (DT5),1.34122317558549,103.775794285083
BENDEMEER MRT STATION (DT23),1.31367252847691,103.862977620945
CANBERRA MRT STATION (NS12),1.44307664075699,103.829702590959
DHOBY GHAUT MRT STATION (NS24),1.29870132536119,103.846113677951
LABRADOR PARK MRT STATION (CC27),1.27225417749656,103.802631578766
MARINE PARADE MRT STATION (TE26),1.30261163483383,103.904983086812
PUNGGOL COAST MRT STATION (NE18),1.41492733388605,103.910166388177
ROCHOR MRT STATION (DT13),1.30385218527656,103.852769428884
SEMBAWANG MRT STATION (NS11),1.44905082158502,103.820046140211
TELOK BLANGAH MRT STATION (CC28),1.27070647717762,103.809761611219
CLEMENTI MRT STATION (EW23),1.31511625277378,103.765191452888
DHOBY GHAUT MRT STATION (CC1),1.29891164362677,103.84629250696
HAVELOCK MRT STATION (TE16),1.28850523975311,103.833585838226
HAW PAR VILLA MRT STATION (CC25),1.28257135772488,103.781752725064
JURONG EAST MRT STATION (JE5),1.33375229748048,103.741638977246
KENT RIDGE MRT STATION (CC24),1.29353349887123,103.784572738173
OUTRAM PARK MRT STATION (TE17),1.28132964411173,103.839137557749
PASIR PANJANG MRT STATION (CC26),1.27621352233766,103.791350313288
TUAS WEST ROAD MRT STATION (EW32),1.32998504653102,103.639616648771
WOODLANDS MRT STATION (TE2),1.43605761708128,103.787938777173
BUONA VISTA MRT STATION (CC22),1.30663450405,103.790709404436
CHINESE GARDEN MRT STATION (EW25),1.34235282081401,103.732596738363
CITY HALL MRT STATION (EW13 / NS25),1.29293672227779,103.852585580366
COMMONWEALTH MRT STATION (EW20),1.30250199924325,103.798228523336
DOVER MRT STATION (EW22),1.31140529320963,103.778637841909
LORONG CHUAN MRT STATION (CC14),1.35161217074555,103.864151938651
MOUNT PLEASANT MRT STATION (TE10),1.32856455460666,103.83518858199
PAYA LEBAR MRT STATION (CC9),1.3172473854035,103.892260753884
QUEENSTOWN MRT STATION (EW19),1.29455085184931,103.806077155982
TENGAH PARK MRT STATION (JE2),1.35244451963606,103.736747833111
BISHAN MRT STATION (CC15),1.35131580146658,103.84914026532
BRAS BASAH MRT STATION (CC2),1.29686168649656,103.850667371637
BUGIS MRT STATION (DT14),1.29931350344582,103.857125959023
BUGIS MRT STATION (EW12),1.30046508509717,103.855706730933
FORT CANNING MRT STATION (DT20),1.29248194822996,103.844331362465
MACPHERSON MRT STATION (CC10),1.32607760171665,103.890391305725
NANYANG GATEWAY MRT STATION (JW3),1.35368874857238,103.686606816138
REDHILL MRT STATION (EW18),1.28963453412887,103.81674097205
TIONG BAHRU MRT STATION (EW17),1.28610253615775,103.827445112419
WOODLANDS SOUTH MRT STATION (TE3),1.42739605281442,103.79326432221
BENCOOLEN MRT STATION (DT21),1.29891843369422,103.850353762717
ESPLANADE MRT STATION (CC3),1.2936577245386,103.855081226245
JURONG WEST MRT STATION (JS6),1.34918500140335,103.708285820033
KHATIB MRT STATION (NS14),1.41738337009565,103.832979908243
ORCHARD BOULEVARD MRT STATION (TE13),1.30242224836722,103.823868523249
TAMPINES EAST MRT STATION (DT33),1.35619148271544,103.9546344625
UBI MRT STATION (DT27),1.32997425973974,103.899226655439
WOODLANDS MRT STATION (NS9),1.43681962961519,103.786066799253
WOODLANDS NORTH MRT STATION (TE1),1.44829245259621,103.785692682441
YISHUN MRT STATION (NS13),1.42944308477331,103.835005047246
BISHAN MRT STATION (NS17),1.35083898784737,103.848143964542
DAKOTA MRT STATION (CC8),1.30854798388121,103.889064718377
FARRER PARK MRT STATION (NE8),1.31190557325774,103.853477716509
HOLLAND VILLAGE MRT STATION (CC21),1.31224029631595,103.796399122407
JALAN BESAR MRT STATION (DT22),1.3051713878069,103.855295713435
LAKESIDE MRT STATION (EW26),1.34425911493819,103.720949087456
LAVENDER MRT STATION (EW11),1.30737781747063,103.862767633888
SERANGOON MRT STATION (CC13),1.35063361526525,103.872771660431
TENGAH PLANTATION MRT STATION (JE1),1.35732891143881,103.733467748962
TUAS LINK MRT STATION (EW33),1.34088242451105,103.636991425128
ALJUNIED MRT STATION (EW9),1.3164326118157,103.882906044385
DHOBY GHAUT MRT STATION (NE6),1.29970458121203,103.845488542541
GREAT WORLD MRT STATION (TE15),1.29394816169384,103.833720837731
LITTLE INDIA MRT STATION (DT12),1.30701826765224,103.848660935092
LITTLE INDIA MRT STATION (NE7),1.30680019696174,103.849647059738
NEWTON MRT STATION (DT11),1.31399286264569,103.837714613091
NEWTON MRT STATION (NS21),1.3123189224097,103.837984594021
NOVENA MRT STATION (NS20),1.32044079120154,103.843825618748
ORCHARD MRT STATION (NS22),1.30398013681715,103.832245244375
ORCHARD MRT STATION (TE14),1.30304426265194,103.831375000068
ANG MO KIO MRT STATION (NS16),1.36993284962262,103.84955809232
BOTANIC GARDENS MRT STATION (DT9),1.32248807089544,103.816013994259
BUKIT BROWN MRT STATION (CC18),1.33372888295973,103.830689549849
CALDECOTT MRT STATION (CC17),1.33767337407828,103.839530785576
CHOA CHU KANG WEST MRT STATION (JS2),1.37922755842935,103.740022320403
FARRER ROAD MRT STATION (CC20),1.31743915158967,103.807379214161
SIXTH AVENUE MRT STATION (DT7),1.33085764536226,103.796906838288
STEVENS MRT STATION (DT10),1.32006555750626,103.826024401924
STEVENS MRT STATION (TE11),1.31933437435349,103.825566965234
TAN KAH KEE MRT STATION (DT8),1.32555623519898,103.807760304729
ANG MO KIO MRT STATION (CR11),1.36929944845386,103.850774632986
BEDOK RESERVOIR MRT STATION (DT30),1.33660782955099,103.932234623286
BOON LAY MRT STATION (EW27),1.33860405469845,103.706064622772
EUNOS MRT STATION (EW7),1.31978354916088,103.903225807255
JALAN BAHAR MRT STATION (JS7),1.34618225434114,103.703002254271
MARSILING MRT STATION (NS8),1.43252114855026,103.774074641403
PAYA LEBAR MRT STATION (EW8),1.31811149224527,103.893060771576
SIMEI MRT STATION (EW3),1.34319707851829,103.953377214378
XILIN MRT STATION (DT36),1.32890694938858,103.964902569595
YIO CHU KANG MRT STATION (NS15),1.38175587099132,103.84494727118
BAYSHORE MRT STATION (TE29),1.31312248291264,103.942309776767
BEDOK MRT STATION (EW5),1.32397996868158,103.929984495066
BOON KENG MRT STATION (NE9),1.31933570922514,103.861569454156
GEYLANG BAHRU MRT STATION (DT24),1.32130110228321,103.871622627142
HONG KAH MRT STATION (JS4),1.35812200829127,103.726153007988
MARINE TERRACE MRT STATION (TE27),1.30666510344814,103.9151067005
MOUNTBATTEN MRT STATION (CC7),1.30620190525331,103.882528081052
PIONEER MRT STATION (EW28),1.33758701106708,103.697321608474
TAI SENG MRT STATION (CC11),1.33514150139202,103.888389300191
TOA PAYOH MRT STATION (NS19),1.33262928096888,103.847502198048
BEDOK SOUTH MRT STATION (TE30),1.31668400658419,103.94931120983
BUKIT BATOK WEST MRT STATION (JE3),1.34562983270652,103.739572988409
HUME MRT STATION (DT4),1.3545953239503,103.769118851887
KATONG PARK MRT STATION (TE24),1.29783147778951,103.886178949925
KEMBANGAN MRT STATION (EW6),1.3210381335934,103.912947930851
MATTAR MRT STATION (DT25),1.32687671501334,103.883247509542
MAYFLOWER MRT STATION (TE6),1.37146318831015,103.836567766945
POTONG PASIR MRT STATION (NE10),1.33137949021368,103.869055656782
TANAH MERAH MRT STATION (EW4),1.32718729074675,103.946348600798
WOODLEIGH MRT STATION (NE11),1.33919004519388,103.87081830915
BARTLEY MRT STATION (CC12),1.34250117805245,103.880177899184
BEDOK NORTH MRT STATION (DT29),1.33474211664091,103.91797832995
BUKIT GOMBAK MRT STATION (NS3),1.35861159094192,103.751790910733
HILLVIEW MRT STATION (DT3),1.36234486803558,103.767418254007
HOUGANG MRT STATION (NE14),1.37129226620797,103.892380513029
KOVAN MRT STATION (NE13),1.36017917065237,103.885064856353
PENG KANG HILL MRT STATION (JW5),1.3432054923337,103.678564298892
SERANGOON MRT STATION (NE12),1.34970788089564,103.873574849884
TENGAH MRT STATION (JS3),1.36634689098717,103.730063135994
UPPER CHANGI MRT STATION (DT34),1.34173977444995,103.961472788634
ADMIRALTY MRT STATION (NS10),1.44058856161847,103.800990519771
BUKIT PANJANG MRT STATION (DT1),1.37900211641036,103.761535114929
CHANGI AIRPORT MRT STATION (CG2),1.35747897447692,103.98788356959
CHOA CHU KANG MRT STATION (JS1),1.38536846992147,103.744084909492
GUL CIRCLE MRT STATION (EW30),1.31947090075208,103.660530461345
JOO KOON MRT STATION (EW29),1.3277170408447,103.678374996165
MARYMOUNT MRT STATION (CC16),1.348707263451,103.839423132332
NANYANG CRESCENT MRT STATION (JW4),1.34840633349431,103.680804429775
TUAS CRESCENT MRT STATION (EW31),1.32102695598684,103.649078235627
YEW TEE MRT STATION (NS5),1.39753506936297,103.747405150236
ENTERPRISE MRT STATION,1.33273166971542,103.708579757668
GEK POH MRT STATION,1.3483403539896,103.698067375909
JURONG HILL MRT STATION,1.31862464981185,103.710134682085
JURONG TOWN HALL MRT STATION,1.32637897756011,103.745212052616
KRANJI MRT STATION (NS7),1.42508698073648,103.762137459497
PANDAN RESERVOIR MRT STATION,1.32045822331,103.744800765101
PUNGGOL MRT STATION (NE17),1.40454653668991,103.902072622229
SPRINGLEAF MRT STATION (TE4),1.39758106126824,103.817856949947
TOH GUAN MRT STATION,1.33990905682439,103.742494811967
TUKANG MRT STATION,1.32541028967575,103.709245214625
BAYSHORE MRT STATION EXIT 1,1.31183696219188,103.941248453619
GARDENS BY THE BAY MRT STATION EXIT 1,1.28055489064088,103.868785539995
GREAT WORLD MRT STATION EXIT 1,1.2933164567796,103.833906630914
HAVELOCK MRT STATION EXIT 1,1.28672525299039,103.833837440803
HUME MRT STATION EXIT 1,1.35517866124683,103.768742363896
JURONG PIER MRT STATION,1.31311068517348,103.710396937205
KATONG PARK MRT STATION EXIT 1,1.29756053033682,103.887022403587
NAPIER MRT STATION EXIT 1,1.3069411697217,103.819465904198
STEVENS MRT STATION EXIT 1,1.31998302889772,103.825738247034
TAWAS MRT STATION,1.35056122396341,103.692020046515
BRIGHT HILL MRT STATION EXIT 1,1.36384676605097,103.833899206658
CALDECOTT MRT STATION EXIT 1,1.33711485525531,103.839401106536
MARINA BAY MRT STATION EXIT 1,1.27745012760049,103.854259831252
MARINE PARADE MRT STATION EXIT 1,1.30212450428894,103.905870647866
MAXWELL MRT STATION EXIT 1,1.28103737035779,103.844156803988
OUTRAM PARK MRT STATION EXIT 1,1.28145580017529,103.838811764424
PUNGGOL COAST MRT STATION EXIT 1,1.41477576307064,103.909172344627
TANJONG KATONG MRT STATION EXIT 1,1.29900256562533,103.896923056017
TANJONG RHU MRT STATION EXIT 1,1.29645411200215,103.873483081695
UPPER THOMSON MRT STATION EXIT 1,1.35478972020463,103.831721073185
LENTOR MRT STATION EXIT 1,1.38551074569147,103.835425872422
MARINE TERRACE MRT STATION EXIT 1,1.30642803110042,103.91515225601
MAYFLOWER MRT STATION EXIT 1,1.37302055474101,103.836827838274
ORCHARD BOULEVARD MRT STATION EXIT 1,1.30362307278619,103.82365038919
ORCHARD MRT STATION EXIT 1,1.30489469167997,103.83252493317
SHENTON WAY MRT STATION EXIT 1,1.27745392803543,103.851822269502
SIGLAP MRT STATION EXIT 1,1.30880656932866,103.928830683104
SPRINGLEAF MRT STATION EXIT 1,1.39910633971842,103.81787186989
WOODLANDS MRT STATION EXIT 1,1.43659643136072,103.78584424633
WOODLANDS NORTH MRT STATION EXIT 1,1.44778217342648,103.7851355073
BAYSHORE MRT STATION EXIT 2,1.31230169641448,103.940553037101
CALDECOTT MRT STATION EXIT 2,1.33824512889805,103.840479738468
GREAT WORLD MRT STATION EXIT 2,1.29286656367858,103.832605562977
HUME MRT STATION EXIT 2,1.3549655752611,103.768533472487
KATONG PARK MRT STATION EXIT 2,1.29842092495326,103.885136319049
ORCHARD MRT STATION EXIT 10,1.30404820525886,103.831123987458
ORCHARD MRT STATION EXIT 11,1.30419976512829,103.830518564259
ORCHARD MRT STATION EXIT 12,1.3028569350093,103.830657104903
ORCHARD MRT STATION EXIT 13,1.30229335633798,103.832126575413
WOODLANDS SOUTH MRT STATION EXIT 1,1.42748811362716,103.792729941333
BRIGHT HILL MRT STATION EXIT 2,1.36314423622709,103.833512902819
GARDENS BY THE BAY MRT STATION EXIT 2,1.27880733457734,103.867894202902
HAVELOCK MRT STATION EXIT 2,1.2869836758937,103.833492718787
MAXWELL MRT STATION EXIT 2,1.28091943828253,103.844892595291
OUTRAM PARK MRT STATION EXIT 2,1.28167534584159,103.838934837349
SIGLAP MRT STATION EXIT 2,1.30974063170589,103.928694643178
TANJONG KATONG MRT STATION EXIT 2,1.29893603574769,103.897608678998
TANJONG RHU MRT STATION EXIT 2,1.29821774916408,103.873552420541
WOODLANDS MRT STATION EXIT 2,1.4367527906259,103.786393694452
WOODLANDS SOUTH MRT STATION EXIT 2,1.42769244394578,103.793108878868
LENTOR MRT STATION EXIT 2,1.38582569246607,103.835767959724
MARINA BAY MRT STATION EXIT 2,1.2761695778026,103.855098979891
MAYFLOWER MRT STATION EXIT 2,1.37402024280924,103.83723673223
NAPIER MRT STATION EXIT 2,1.30635924005631,103.819479220969
ORCHARD BOULEVARD MRT STATION EXIT 2,1.30246882387243,103.823898210692
ORCHARD MRT STATION EXIT 2,1.30435439891928,103.832619611937
PUNGGOL COAST MRT STATION EXIT 2,1.4150887569786,103.91107971545
SHENTON WAY MRT STATION EXIT 2,1.27696088700122,103.850884032212
SPRINGLEAF MRT STATION EXIT 2,1.39795277738643,103.818344052898
STEVENS MRT STATION EXIT 2,1.31879756079149,103.826020649127
BAYSHORE MRT STATION EXIT 3,1.31389479153497,103.940730265672
BRIGHT HILL MRT STATION EXIT 3,1.36232922930733,103.832332131869
CALDECOTT MRT STATION EXIT 3,1.33788653037764,103.840731286818
GREAT WORLD MRT STATION EXIT 3,1.29382977130657,103.832733380004
ORCHARD MRT STATION EXIT 3,1.30415337876273,103.83277034807
OUTRAM PARK MRT STATION EXIT 3,1.28037094209663,103.840021210464
UPPER THOMSON MRT STATION EXIT 2,1.35568650990792,103.831782395097
WOODLANDS NORTH MRT STATION EXIT 2,1.44905612857319,103.785110659283
LENTOR MRT STATION EXIT 3,1.38462599714582,103.837526793924
MARINA BAY MRT STATION EXIT 3,1.27537995116654,103.855283220442
MARINE PARADE MRT STATION EXIT 3,1.30363305199844,103.906101196758
MARINE TERRACE MRT STATION EXIT 3,1.30657571401111,103.913181933222
SHENTON WAY MRT STATION EXIT 3,1.27761028570468,103.850201958042
SIGLAP MRT STATION EXIT 3,1.31059243778693,103.931411414189
WOODLANDS MRT STATION EXIT 3,1.43709440840901,103.787224897942
WOODLANDS SOUTH MRT STATION EXIT 3,1.4274538066561,103.794829948963
BAYSHORE MRT STATION EXIT 4,1.31348127097904,103.942550920328
GARDENS BY THE BAY MRT STATION EXIT 3,1.27818560646086,103.867160549251
HAVELOCK MRT STATION EXIT 3,1.28881134417388,103.83337557478
MAYFLOWER MRT STATION EXIT 3,1.37390239152968,103.837551834265
ORCHARD MRT STATION EXIT 4,1.30456047418196,103.832039800868
OUTRAM PARK MRT STATION EXIT 4,1.28021563785071,103.840387961553
SPRINGLEAF MRT STATION EXIT 3,1.39766163192513,103.817798037239
STEVENS MRT STATION EXIT 4,1.32147774885363,103.825868554379
TANJONG KATONG MRT STATION EXIT 3,1.30020950344773,103.897707048944
UPPER THOMSON MRT STATION EXIT 3,1.35399313642001,103.833807188985
CALDECOTT MRT STATION EXIT 4,1.33681279577604,103.839879797819
GREAT WORLD MRT STATION EXIT 4,1.29603027921362,103.833045201077
HAVELOCK MRT STATION EXIT 4,1.2901910696251,103.833950531678
LENTOR MRT STATION EXIT 4,1.38354133626092,103.837447003493
MARINA BAY MRT STATION EXIT 4,1.27384256715528,103.856156894801
MARINE PARADE MRT STATION EXIT 4,1.30463504459829,103.907531217264
MAYFLOWER MRT STATION EXIT 4,1.37155295764189,103.836750273896
SIGLAP MRT STATION EXIT 4,1.30999255990215,103.930960798036
WOODLANDS MRT STATION EXIT 4,1.4368900445839,103.786982831894
WOODLANDS SOUTH MRT STATION EXIT 4,1.42651791911639,103.794472407369
GREAT WORLD MRT STATION EXIT 5,1.29653335668464,103.833402514731
HAVELOCK MRT STATION EXIT 5,1.28958090478519,103.833922002929
MARINA BAY MRT STATION EXIT 5,1.27473699694694,103.854266062976
MARINE TERRACE MRT STATION EXIT 4,1.30692169301463,103.915167360441
MAYFLOWER MRT STATION EXIT 5,1.37043838455734,103.836789792525
ORCHARD MRT STATION EXIT 5,1.30394302236087,103.8320430488
SHENTON WAY MRT STATION EXIT 5,1.27719445988297,103.851694867293
STEVENS MRT STATION EXIT 5,1.32095990593562,103.826287218937
UPPER THOMSON MRT STATION EXIT 4,1.35355558044542,103.833813125077
BAYSHORE MRT STATION EXIT 5,1.31290887265381,103.94269872143
GREAT WORLD MRT STATION EXIT 6,1.29318404228583,103.832833227138
MARINE TERRACE MRT STATION EXIT 5,1.3074339699274,103.917093434109
OUTRAM PARK MRT STATION EXIT 5,1.27894867380476,103.83954949493
OUTRAM PARK MRT STATION EXIT 6,1.27906067064024,103.838545773973
SHENTON WAY MRT STATION EXIT 6,1.27786975636086,103.849960669021
UPPER THOMSON MRT STATION EXIT 5,1.35426639136676,103.832932946832
WOODLANDS MRT STATION EXIT 5,1.43598682920743,103.788988127958
WOODLANDS SOUTH MRT STATION EXIT 5,1.42583052834963,103.794395983627
MARINE PARADE MRT STATION EXIT 6,1.30421969015333,103.908038102651
MARINE TERRACE MRT STATION EXIT 6,1.30675921410043,103.916679742503
MAYFLOWER MRT STATION EXIT 6,1.3704639102426,103.836523118042
MAYFLOWER MRT STATION EXIT 7,1.37123308309389,103.836299092983
ORCHARD MRT STATION EXIT 6,1.30364928427869,103.832322061606
ORCHARD MRT STATION EXIT 7,1.30316753469189,103.832171601288
OUTRAM PARK MRT STATION EXIT 7,1.28105154689657,103.838663749635
OUTRAM PARK MRT STATION EXIT 8,1.28231826124553,103.838127238955
WOODLANDS MRT STATION EXIT 6,1.43480148255035,103.789090551552
WOODLANDS MRT STATION EXIT 7,1.43444634414697,103.787996783139
BENDEMEER MRT STATION EXIT A,1.31387432884477,103.863062802793
BRADDELL MRT STATION EXIT A,1.34107875547937,103.846411762858
BRAS BASAH MRT STATION EXIT A,1.29686777903405,103.851321219873
BUANGKOK MRT STATION EXIT A,1.38340338685128,103.892867735131
BUKIT BATOK MRT STATION EXIT A,1.34956122036242,103.74997014583
BUKIT GOMBAK MRT STATION EXIT A,1.35906993952012,103.752067334531
DOVER MRT STATION EXIT A,1.31142654126221,103.778294380083
ESPLANADE MRT STATION EXIT A,1.29337908500484,103.856303258535
ORCHARD MRT STATION EXIT 8,1.30343182339831,103.831774374348
ORCHARD MRT STATION EXIT 9,1.30364408561237,103.831486845307
CANBERRA MRT STATION EXIT A,1.44378209457473,103.829452068775
CLARKE QUAY MRT STATION EXIT A,1.28689878805873,103.846064544116
CLEMENTI MRT STATION EXIT A,1.31540564223263,103.764982679711
COMMONWEALTH MRT STATION EXIT A,1.30264816170999,103.797958291874
HARBOURFRONT MRT STATION EXIT A,1.26601026056903,103.820474550192
HAW PAR VILLA MRT STATION EXIT A,1.28306622750313,103.782000217778
HOUGANG MRT STATION EXIT A,1.37017281190245,103.892440505123
JALAN BESAR MRT STATION EXIT A,1.30489011626895,103.855292545514
KEMBANGAN MRT STATION EXIT A,1.32092967329613,103.912940025483
KHATIB MRT STATION EXIT A,1.41703637252916,103.832952685091
BARTLEY MRT STATION EXIT A,1.34225958353607,103.88038311704
CASHEW MRT STATION EXIT A,1.36984438594547,103.764207873199
EXPO MRT STATION EXIT A,1.33532172425323,103.961942958225
FARRER PARK MRT STATION EXIT A,1.31232944448484,103.854770359677
FARRER ROAD MRT STATION EXIT A,1.31749532301993,103.80796658755
GEYLANG BAHRU MRT STATION EXIT A,1.32156657295526,103.871560444143
SIMEI MRT STATION EXIT A,1.34265578602279,103.953820143851
SIXTH AVENUE MRT STATION EXIT A,1.33077316862752,103.796556228194
SOMERSET MRT STATION EXIT A,1.30003194313604,103.838385643936
NOVENA MRT STATION EXIT A,1.32110300367281,103.844405791263
ONE-NORTH MRT STATION EXIT A,1.29903562703766,103.786896776117
PASIR RIS MRT STATION EXIT A,1.37284196938311,103.94933342667
PAYA LEBAR MRT STATION EXIT A,1.31825458543132,103.892791663683
PIONEER MRT STATION EXIT A,1.3373429390716,103.697143068046
PROMENADE MRT STATION EXIT A,1.29170798782006,103.860648429929
RAFFLES PLACE MRT STATION EXIT A,1.28412514799439,103.851438353944
REDHILL MRT STATION EXIT A,1.28936748461912,103.816997605512
STADIUM MRT STATION EXIT A,1.3025110879373,103.874399988354
TAN KAH KEE MRT STATION EXIT A,1.32532796917374,103.807798268409
KING ALBERT PARK MRT STATION EXIT A,1.33554323043496,103.783018890137
KOVAN MRT STATION EXIT A,1.35970263002708,103.884302648859
LAKESIDE MRT STATION EXIT A,1.34398741511814,103.720437685172
SENGKANG MRT STATION EXIT A,1.39182911978883,103.895405721181
TANAH MERAH MRT STATION EXIT A,1.32686509987036,103.945791448865
TANJONG PAGAR MRT STATION EXIT A,1.27639874607446,103.844820544637
TUAS LINK MRT STATION EXIT A,1.34053169811089,103.637249681748
TUAS WEST ROAD MRT STATION EXIT A,1.3298503916278,103.639299528273
UPPER CHANGI MRT STATION EXIT A,1.34187817311632,103.961328545289
WOODLEIGH MRT STATION EXIT A,1.33852245848745,103.870937707986
BEAUTY WORLD MRT STATION EXIT A,1.34169768144374,103.77597845088
BEDOK MRT STATION EXIT A,1.32356863626393,103.92915714301
BEDOK NORTH MRT STATION EXIT A,1.33516634096411,103.918038975838
BEDOK RESERVOIR MRT STATION EXIT A,1.33635797475902,103.932853678147
BENCOOLEN MRT STATION EXIT A,1.29920140046322,103.850838318577
BISHAN MRT STATION EXIT A,1.35057959895607,103.84830499183
BOON KENG MRT STATION EXIT A,1.32011584986812,103.861504484655
BOON LAY MRT STATION EXIT A,1.33828431080454,103.705405450881
BOTANIC GARDENS MRT STATION EXIT A,1.32253463275713,103.814976905867
YIO CHU KANG MRT STATION EXIT A,1.38165038538878,103.844821034472
DAKOTA MRT STATION EXIT A,1.3088256193048,103.889298048161
DHOBY GHAUT MRT STATION EXIT A,1.29845214658074,103.846779253533
DOWNTOWN MRT STATION EXIT A,1.27978951118383,103.852644319125
EUNOS MRT STATION EXIT A,1.31951727513525,103.902894137829
HILLVIEW MRT STATION EXIT A,1.36249753291868,103.767689699531
HOLLAND VILLAGE MRT STATION EXIT A,1.31122356458793,103.79613442284
KAKI BUKIT MRT STATION EXIT A,1.33532217853623,103.909406099681
KALLANG MRT STATION EXIT A,1.31154048337102,103.87173056453
KENT RIDGE MRT STATION EXIT A,1.29431784777384,103.784465461468
ADMIRALTY MRT STATION EXIT A,1.44034337155074,103.800984160903
ALJUNIED MRT STATION EXIT A,1.31623848507352,103.882496650859
ANG MO KIO MRT STATION EXIT A,1.36946470665767,103.849939000494
FORT CANNING MRT STATION EXIT A,1.29241261624443,103.844157466584
MACPHERSON MRT STATION EXIT A,1.32668882024017,103.889785899423
MARINA SOUTH PIER MRT STATION EXIT A,1.27067523469027,103.862280576826
MOUNTBATTEN MRT STATION EXIT A,1.30676211145182,103.882606383464
NEWTON MRT STATION EXIT A,1.31260401136518,103.837887180414
NICOLL HIGHWAY MRT STATION EXIT A,1.30017456235547,103.863504714405
POTONG PASIR MRT STATION EXIT A,1.33281336557443,103.868967364441
MARSILING MRT STATION EXIT A,1.43280792459597,103.774206739388
MARYMOUNT MRT STATION EXIT A,1.3489799079699,103.839088041822
MATTAR MRT STATION EXIT A,1.32725878626358,103.882737801185
PUNGGOL MRT STATION EXIT A,1.40535672476823,103.902277867411
QUEENSTOWN MRT STATION EXIT A,1.29425031276396,103.806179465908
ROCHOR MRT STATION EXIT A,1.30363549560411,103.85265283045
STEVENS MRT STATION EXIT A,1.32032920290987,103.825684307354
TAI SENG MRT STATION EXIT A,1.33591983565073,103.887631743289
TAMPINES EAST MRT STATION EXIT A,1.35646289026058,103.954540107876
TAMPINES MRT STATION EXIT A,1.35376401277764,103.944766312114
KRANJI MRT STATION EXIT A,1.42473980457064,103.762018327024
LABRADOR PARK MRT STATION EXIT A,1.27211237205243,103.8023606392
LAVENDER MRT STATION EXIT A,1.30716946073774,103.863043062595
LITTLE INDIA MRT STATION EXIT A,1.30561418181496,103.849351642577
LORONG CHUAN MRT STATION EXIT A,1.35143709131033,103.864928562503
SEMBAWANG MRT STATION EXIT A,1.44883562841554,103.820110302142
SERANGOON MRT STATION EXIT A,1.34948283498049,103.873953722359
BUKIT PANJANG MRT STATION EXIT A1,1.37901587877478,103.761921007838
BUKIT PANJANG MRT STATION EXIT A2,1.37877062041355,103.762039889143
TELOK AYER MRT STATION EXIT A,1.28189107870781,103.848512874679
TELOK BLANGAH MRT STATION EXIT A,1.27073478613149,103.809884576279
TIONG BAHRU MRT STATION EXIT A,1.28576458511212,103.826996837921
TOA PAYOH MRT STATION EXIT A,1.33237644216693,103.847723804246
TUAS CRESCENT MRT STATION EXIT A,1.32075614398621,103.64900720771
UBI MRT STATION EXIT A,1.32996212833188,103.899869894436
YEW TEE MRT STATION EXIT A,1.39765830259716,103.7471891227
YISHUN MRT STATION EXIT A,1.42940145045108,103.834790629506
ADMIRALTY MRT STATION EXIT B,1.44016248163827,103.800527184397
ADMIRALTY MRT STATION EXIT C,1.44060537289018,103.800551474686
ADMIRALTY MRT STATION EXIT D,1.440533387633,103.801364534318
ALJUNIED MRT STATION EXIT B,1.3164879306303,103.882472888012
ANG MO KIO MRT STATION EXIT B,1.36967788950155,103.849582687035
ANG MO KIO MRT STATION EXIT C,1.36943856246777,103.849334379134
ANG MO KIO MRT STATION EXIT D,1.36988737282392,103.849825701795
CHANGI AIRPORT MRT STATION EXIT B,1.35722025591941,103.987304579993
KING ALBERT PARK MRT STATION EXIT B,1.3361561748438,103.78360641226
SIXTH AVENUE MRT STATION EXIT B,1.33153906028287,103.796828207439
BEAUTY WORLD MRT STATION EXIT B,1.34159717140785,103.775457793003
BENCOOLEN MRT STATION EXIT B,1.29812211640702,103.849586468303
BISHAN MRT STATION EXIT B,1.35106443949593,103.84831225604
BOON LAY MRT STATION EXIT B,1.3384206958321,103.706145548038
BRADDELL MRT STATION EXIT B,1.34074651611145,103.846393244977
BUGIS MRT STATION EXIT B,1.30077954774568,103.856327844038
TELOK AYER MRT STATION EXIT B,1.28250004883814,103.848767031399
TELOK AYER MRT STATION EXIT C,1.28227572989613,103.848846121797
TELOK AYER MRT STATION EXIT D,1.28276984313509,103.848212131773
TELOK AYER MRT STATION EXIT E,1.28264915273703,103.847567264489
BUKIT BATOK MRT STATION EXIT B,1.34936066402056,103.749966157866
BUKIT PANJANG MRT STATION EXIT B,1.37863210486195,103.76135235089
BUONA VISTA MRT STATION EXIT B,1.30719725693025,103.790656619025
CITY HALL/ESPLANADE MRT STATION EXIT B,1.29172136370719,103.854756044222
DAKOTA MRT STATION EXIT B,1.30810273293119,103.88796919827
HOLLAND VILLAGE MRT STATION EXIT B,1.31107119772803,103.795769657083
JALAN BESAR MRT STATION EXIT B,1.3054997389208,103.855208553057
JOO KOON MRT STATION EXIT B,1.32795758286753,103.678641427081
BAYFRONT MRT STATION EXIT B,1.28270522446426,103.859759179874
CANBERRA MRT STATION EXIT B,1.44242769458601,103.830304623338
EXPO MRT STATION EXIT B,1.33526477495593,103.962070158326
FARRER ROAD MRT STATION EXIT B,1.31755039971444,103.807384282049
FORT CANNING MRT STATION EXIT B,1.29280562564187,103.844415088129
GUL CIRCLE MRT STATION EXIT B,1.31888634672415,103.659476020414
HILLVIEW MRT STATION EXIT B,1.3620882071716,103.767088008608
NEWTON MRT STATION EXIT B,1.31208967800796,103.838211803447
NOVENA MRT STATION EXIT B,1.31988400788823,103.843322866691
PIONEER MRT STATION EXIT B,1.33782965990962,103.697131949809
POTONG PASIR MRT STATION EXIT B,1.331160592199,103.869326795079
QUEENSTOWN MRT STATION EXIT B,1.29437295333944,103.806357110237
REDHILL MRT STATION EXIT B,1.28948587575624,103.817249373128
SEMBAWANG MRT STATION EXIT B,1.44877339773463,103.819783211843
SOMERSET MRT STATION EXIT B,1.30078472678277,103.838454758569
TAI SENG MRT STATION EXIT B,1.33464976487638,103.888276517231
TAMPINES MRT STATION EXIT B,1.35353908151706,103.945089563391
TAN KAH KEE MRT STATION EXIT B,1.32615357209821,103.807782858593
TANJONG PAGAR MRT STATION EXIT B,1.27666263686613,103.846554745658
BRAS BASAH MRT STATION EXIT B,1.29604929567745,103.850473380875
LAKESIDE MRT STATION EXIT B,1.34407537655211,103.721063264468
LITTLE INDIA MRT STATION EXIT B,1.30656540566283,103.848983594397
MARYMOUNT MRT STATION EXIT B,1.34787308218984,103.840047785068
SENGKANG MRT STATION EXIT B,1.39179563725034,103.89563689476
TUAS LINK MRT STATION EXIT B,1.34043833208804,103.636664841468
UBI MRT STATION EXIT B,1.32983043616597,103.898581927079
UPPER CHANGI MRT STATION EXIT B,1.34104438094716,103.961458853982
YIO CHU KANG MRT STATION EXIT B,1.38154128004957,103.844952857705
YISHUN MRT STATION EXIT B,1.42964614005725,103.834867077043
BARTLEY MRT STATION EXIT B,1.34350123600257,103.878909070836
BEDOK MRT STATION EXIT B,1.32426834306315,103.929673090102
BEDOK NORTH MRT STATION EXIT B,1.33417470148156,103.919055366359
BEDOK RESERVOIR MRT STATION EXIT B,1.33658348325378,103.933489354839
BENDEMEER MRT STATION EXIT B,1.31349604455484,103.863213831657
BUANGKOK MRT STATION EXIT B,1.38264972279052,103.893463151692
BUKIT GOMBAK MRT STATION EXIT B,1.35869439023656,103.752084995437
JURONG EAST MRT STATION EXIT B,1.33253015976675,103.742643110659
KAKI BUKIT MRT STATION EXIT B,1.33481134943921,103.908996040609
KALLANG MRT STATION EXIT B,1.31178177018801,103.871587075702
CITY HALL MRT STATION EXIT B,1.29310853308826,103.851951129481
CLARKE QUAY MRT STATION EXIT B,1.28781145357585,103.845907275918
CLEMENTI MRT STATION EXIT B,1.31546398053601,103.765155477484
COMMONWEALTH MRT STATION EXIT B,1.30275726426405,103.798055145187
KEMBANGAN MRT STATION EXIT B,1.32115210814206,103.912899289031
KENT RIDGE MRT STATION EXIT B,1.29244552308834,103.784829341664
KHATIB MRT STATION EXIT B,1.417130546383,103.832691768658
DOVER MRT STATION EXIT B,1.31170474286932,103.778446601688
EUNOS MRT STATION EXIT B,1.31956254560615,103.90258207739
FARRER PARK MRT STATION EXIT B,1.31352570644987,103.854738296374
GEYLANG BAHRU MRT STATION EXIT B,1.3211077830288,103.871784960916
HARBOURFRONT MRT STATION EXIT B,1.26515322900312,103.820492064514
HOUGANG MRT STATION EXIT B,1.37195679514216,103.892967209174
MARSILING MRT STATION EXIT B,1.43275715343273,103.774404548397
MATTAR MRT STATION EXIT B,1.32648282613816,103.883740474769
MOUNTBATTEN MRT STATION EXIT B,1.30604592590882,103.883248292795
MARINA SOUTH PIER MRT STATION EXIT B,1.27147920195277,103.863564370201
PASIR RIS MRT STATION EXIT B,1.37288623654736,103.949136940627
PUNGGOL MRT STATION EXIT B,1.40515655099845,103.902636298374
RAFFLES PLACE MRT STATION EXIT B,1.28460687427363,103.851479977962
ROCHOR MRT STATION EXIT B,1.304166597297,103.853030813143
SERANGOON MRT STATION EXIT B,1.34983462547997,103.87364078459
STADIUM MRT STATION EXIT B,1.30337022553934,103.876226233523
TAMPINES EAST MRT STATION EXIT B,1.35561025574507,103.955182879925
KOVAN MRT STATION EXIT B,1.36021285860984,103.884723781231
KRANJI MRT STATION EXIT B,1.42486059818413,103.76193427334
LAVENDER MRT STATION EXIT B,1.30761853932456,103.862650316842
LORONG CHUAN MRT STATION EXIT B,1.35173478946581,103.86291944158
MACPHERSON MRT STATION EXIT B,1.32585851691862,103.890662826068
TANAH MERAH MRT STATION EXIT B,1.32706486167886,103.945723128534
TIONG BAHRU MRT STATION EXIT B,1.28636704777458,103.827494927199
BRAS BASAH MRT STATION EXIT C,1.29701898339766,103.850254660057
BRAS BASAH MRT STATION EXIT D,1.29756392753642,103.850162603062
BRAS BASAH MRT STATION EXIT E,1.29753387426602,103.850424728146
BUKIT BATOK MRT STATION EXIT C,1.34951246904043,103.749769199779
BUKIT BATOK MRT STATION EXIT D,1.34842377665438,103.749126361849
TOA PAYOH MRT STATION EXIT B,1.33229717556053,103.847557800613
TUAS CRESCENT MRT STATION EXIT B,1.32115337319655,103.649354280675
TUAS WEST ROAD MRT STATION EXIT B,1.33015670911184,103.639813026933
WOODLEIGH MRT STATION EXIT B,1.33859186404458,103.870506498272
YEW TEE MRT STATION EXIT B,1.39809059842676,103.747330414399
BAYFRONT MRT STATION EXIT,1.2819410418667,103.861170309768
BAYFRONT MRT STATION EXIT C,1.28283490852292,103.859596872464
BAYFRONT MRT STATION EXIT D,1.28283435390697,103.859493846293
BAYFRONT MRT STATION EXIT E,1.28112089385407,103.858419290212
BEAUTY WORLD MRT STATION EXIT C,1.33999284981842,103.775739691571
BEDOK MRT STATION EXIT C,1.32408493878946,103.929397331362
BEDOK NORTH MRT STATION EXIT C,1.33445024460198,103.917795887643
BENCOOLEN MRT STATION EXIT C,1.29811280568152,103.849792402967
BISHAN MRT STATION EXIT C,1.35058491188126,103.848209280992
BISHAN MRT STATION EXIT D,1.35105321959426,103.850201082237
BISHAN MRT STATION EXIT E,1.35103483781938,103.848432923358
BOON KENG MRT STATION EXIT C,1.31791149460357,103.860696261122
BOON LAY MRT STATION EXIT C,1.33875343288048,103.705955424998
BOON LAY MRT STATION EXIT D,1.33863130074071,103.70564279661
BOON LAY MRT STATION EXIT E,1.33852030856284,103.705349474637
BOON LAY MRT STATION EXIT F,1.33827591234396,103.705790413341
BRADDELL MRT STATION EXIT C,1.34068157403547,103.847430767853
BUKIT BROWN MRT STATION EXIT,1.33334187551117,103.82962180333
BUKIT GOMBAK MRT STATION EXIT C,1.35906497969606,103.751726614973
BUKIT GOMBAK MRT STATION EXIT D,1.35930937732431,103.751948590322
BUGIS MRT STATION EXIT C,1.30000715197151,103.855680462892
BUGIS MRT STATION EXIT D,1.29908112610553,103.856888176117
BUONA VISTA MRT STATION EXIT C,1.30690964213241,103.790587853553
BUONA VISTA MRT STATION EXIT D,1.30630083398837,103.790915022568
CHOA CHU KANG MRT STATION EXIT C,1.38571080503864,103.744203030367
CITY HALL MRT STATION EXIT C,1.29304694763879,103.852985301431
DHOBY GHAUT MRT STATION EXIT C,1.2996492424497,103.8447478575
DOWNTOWN MRT STATION EXIT C,1.27945930036359,103.853157831883
ESPLANADE MRT STATION EXIT C,1.29291017761792,103.855853127614
HOLLAND VILLAGE MRT STATION EXIT C,1.31071339011209,103.795744343131
CHINESE GARDEN MRT STATION EXIT C,1.34210147853728,103.73266879526
CLARK QUAY MRT STATION EXIT C,1.28938293825434,103.84667577547
COMMONWEALTH MRT STATION EXIT C,1.30208304808986,103.798768241331
KHATIB MRT STATION EXIT C,1.41788719285673,103.832540453873
ONE-NORTH MRT STATION EXIT C,1.29971469756448,103.787565456114
PAYA LEBAR MRT STATION EXIT C,1.31814736613413,103.891714062796
PROMENADE MRT STATION EXIT C,1.29411523197512,103.860219019476
PUNGGOL MRT STATION EXIT C,1.40430636921085,103.902137628909
SOMERSET MRT STATION EXIT C,1.3004497336171,103.838763820601
KOVAN MRT STATION EXIT C,1.36002890736639,103.88542633438
KRANJI MRT STATION EXIT C,1.4251259491274,103.761754685801
LAKESIDE MRT STATION EXIT C,1.34430260019958,103.7217171276
SENGKANG MRT STATION EXIT C,1.39088158608586,103.895209399306
SERANGOON MRT STATION EXIT C,1.35059666432349,103.873700895063
TAMPINES EAST MRT STATION EXIT C,1.35556133600419,103.955705279032
TAMPINES MRT STATION EXIT C,1.35339831285364,103.944903957552
TANJONG PAGAR MRT STATION EXIT C,1.2760932761144,103.846529873368
CANBERRA MRT STATION EXIT C,1.44255690501601,103.829824358977
CHINATOWN MRT STATION EXIT C,1.28466811001013,103.842825779347
CITY HALL/ESPLANADE MRT STATION EXIT C,1.29131493573099,103.855192585584
JURONG EAST MRT STATION EXIT C,1.3327534168613,103.742753602536
MARSILING MRT STATION EXIT C,1.43246261847249,103.773821235261
TOA PAYOH MRT STATION EXIT C,1.33300744185198,103.847318436474
UPPER CHANGI MRT STATION EXIT C,1.34198483228048,103.961625359424
WOODLEIGH MRT STATION EXIT C,1.33988012824656,103.871060782466
YIO CHU KANG MRT STATION EXIT C,1.3819602145119,103.844651533361
YISHUN MRT STATION EXIT C,1.42910735837526,103.835123644577
EUNOS MRT STATION EXIT C,1.31960866729862,103.903178612002
EXPO MRT STATION EXIT C,1.3359586922217,103.962162221687
FARRER PARK MRT STATION EXIT C,1.31191499121038,103.853252685538
HARBOURFRONT MRT STATION EXIT C,1.26525767375842,103.822518543831
HOUGANG MRT STATION EXIT C,1.37216251601494,103.891962218579
KENT RIDGE MRT STATION EXIT C,1.29398846194953,103.784464941237
NEWTON MRT STATION EXIT C,1.31362531273244,103.838250349066
POTONG PASIR MRT STATION EXIT C,1.3310694016854,103.868704125473
TAI SENG MRT STATION EXIT C,1.33604954759403,103.888554708543
CANBERRA MRT STATION EXIT D,1.4437533801991,103.82909543666
CANBERRA MRT STATION EXIT E,1.44280097163894,103.830409234978
CHINATOWN MRT STATION EXIT E,1.28505491072109,103.844426948683
COMMONWEALTH MRT STATION EXIT D,1.3020212578832,103.798714315911
JLG: CG MRT TOL LINKWAY,1.34109672478432,103.732000758426
LITTLE INDIA MRT STATION EXIT C,1.30633645054391,103.849699817435
MACPHERSON MRT STATION EXIT C,1.32548887457682,103.890256223937
SEMBAWANG MRT STATION EXIT C,1.44917158033027,103.819762177164
UPPER CHANGI MRT STATION EXIT D,1.34085631660973,103.961040578956
YEW TEE MRT STATION EXIT C,1.39700077168041,103.747431893505
CHINATOWN MRT STATION EXIT D,1.2854064601599,103.843476210331
CHINATOWN MRT STATION EXIT F,1.28428031269047,103.845467224043
CHINATOWN MRT STATION EXIT G,1.28476298850339,103.844469740517
CHINATOWN MRT STATION EXIT H,1.28357262412449,103.845976725761
CHOA CHU KANG MRT STATION EXIT D,1.38575650064862,103.744509334035
CITY HALL MRT STATION EXIT D,1.29350334620272,103.851865545882
CITY HALL/ESPLANADE MRT STATION EXIT D,1.29090902498709,103.855100997965
CITY HALL/ESPLANADE MRT STATION EXIT E,1.29192135974199,103.854835837712
CLARK QUAY MRT STATION EXIT E,1.28901154743968,103.847034118586
CLARK QUAY MRT STATION EXIT G,1.28920581321735,103.846585433629
CLARKE QUAY MRT STATION EXIT F,1.28940692202889,103.847114861345
CLEMENTI MRT STATION EXIT D,1.31406568887036,103.765541409161
DHOBY GHAUT MRT STATION EXIT D,1.29993066575923,103.845030131943
EXPO MRT STATION EXIT D,1.33484282579968,103.963094416433
HARBOURFRONT MRT STATION EXIT D,1.26598186382903,103.821395893674
JURONG EAST MRT STATION EXIT D,1.33357652289466,103.742292350324
PAYA LEBAR MRT STATION EXIT D,1.31658378253036,103.892080103557
PUNGGOL MRT STATION EXIT D,1.40444750152534,103.901779196308
QUEENSTOWN MRT STATION EXIT D,1.29538090465663,103.805476932015
SOMERSET MRT STATION EXIT D,1.30025232492516,103.839744499851
DOWNTOWN MRT STATION EXIT D,1.27916566096973,103.853011532212
ESPLANADE MRT STATION EXIT D,1.29261756677159,103.855838027673
FARRER PARK MRT STATION EXIT D,1.31246425474744,103.852972884828
MARSILING MRT STATION EXIT D,1.43275722977074,103.773981720213
RAFFLES PLACE MRT STATION EXIT D,1.28364139119613,103.851353214777
SERANGOON MRT STATION EXIT D,1.34991007732434,103.874316461685
TAMPINES EAST MRT STATION EXIT D,1.35698090812053,103.955705018523
TAMPINES MRT STATION EXIT D,1.35488067768021,103.94366545104
TANJONG PAGAR MRT STATION EXIT D,1.27606099781138,103.84689166529
TOA PAYOH MRT STATION EXIT D,1.33327874572406,103.846517405644
KENT RIDGE MRT STATION EXIT D,1.29321598564228,103.784528751623
KHATIB MRT STATION EXIT D,1.41789179005502,103.833171755256
KRANJI MRT STATION EXIT D,1.42513172976083,103.762492227566
LITTLE INDIA MRT STATION EXIT D,1.30690536086997,103.849036656915
MACPHERSON MRT STATION EXIT D,1.32515334846447,103.888441983492
ONE-NORTH MRT STATION EXIT D,1.30008319320122,103.787788925371
SEMBAWANG MRT STATION EXIT D,1.44892733136333,103.820401560553
SENGKANG MRT STATION EXIT D,1.3924399095265,103.895735075793
YEW TEE MRT STATION EXIT D,1.39727107090262,103.747110207103
YISHUN MRT STATION EXIT D,1.42910403928029,103.834865759456
DHOBY GHAUT MRT STATION EXIT E,1.29974847075059,103.845372294004
DHOBY GHAUT MRT STATION EXIT F,1.29963489170907,103.845842317726
DOWNTOWN MRT STATION EXIT,1.27860805131586,103.852236529778
DOWNTOWN MRT STATION EXIT E,1.27952696217155,103.852449812084
DOWNTOWN MRT STATION EXIT F,1.27984306134565,103.85242031201
EXPO MRT STATION EXIT E,1.33487115678994,103.962127196209
FARRER PARK MRT STATION EXIT E,1.31178849116582,103.852214281581
HARBOURFRONT MRT STATION EXIT E,1.26497195994882,103.821580291341
PAYA LEBAR MRT STATION EXIT E,1.31786947787901,103.89292776002
SERANGOON MRT STATION EXIT E,1.35082473559172,103.872900878668
ESPLANADE MRT STATION EXIT,1.29335887607579,103.854164769641
ESPLANADE MRT STATION EXIT E,1.29312572848337,103.855564111142
ESPLANADE MRT STATION EXIT G,1.29359333846755,103.854918085943
LITTLE INDIA MRT STATION EXIT E,1.3074269738977,103.850319624488
MACPHERSON MRT STATION EXIT E,1.32619610945472,103.888602871376
RAFFLES PLACE MRT STATION EXIT E,1.28321158235027,103.851522595561
TAMPINES MRT STATION EXIT E,1.35586532493403,103.942653448012
TANJONG PAGAR MRT STATION EXIT E,1.27626712067257,103.847102135241
YISHUN MRT STATION EXIT E,1.42966559741799,103.83564365509
ESPLANADE MRT STATION EXIT F,1.29382341246817,103.855102391878
EXPO MRT STATION EXIT F,1.33471424993483,103.962862474988
EXPO MRT STATION EXIT G,1.33503256424655,103.963050433407
FARRER PARK MRT STATION EXIT F,1.31139881856925,103.853205164568
FARRER PARK MRT STATION EXIT G,1.31227296219859,103.855483509571
RAFFLES PLACE MRT STATION EXIT I,1.28237331831554,103.85143567415
SERANGOON MRT STATION EXIT F,1.35095714817607,103.871431846516
SERANGOON MRT STATION EXIT G,1.35079019900881,103.872866695232
TAMPINES MRT STATION EXIT G,1.35459878903125,103.942714903974
TANJONG PAGAR MRT STATION EXIT H,1.27545090477088,103.846445088158
FARRER PARK MRT STATION EXIT H,1.31189998223569,103.856112976536
FARRER PARK MRT STATION EXIT I,1.31175694789451,103.85579501087
PAYA LEBAR MRT STATION EXIT F,1.31765853914783,103.892389188752
PROMMENADE MRT STATION EXIT,1.29381678750189,103.859959311719
RAFFLES PLACE MRT STATION EXIT F,1.28254171568272,103.850953576055
RAFFLES PLACE MRT STATION EXIT G,1.28501835822623,103.851479167676
RAFFLES PLACE MRT STATION EXIT H,1.28526556333044,103.851616679294
RAFFLES PLACE MRT STATION EXIT J,1.28264077373025,103.851292722008
TAMPINES MRT STATION EXIT F,1.35419179516266,103.942656741693
TANJONG PAGAR MRT STATION EXIT F,1.27737948779783,103.846927579999
CASHEW MRT STATION,1.36984601365741,103.764315051619
KIM CHUAN UNDERGROUND MRT DEPOT,1.34399424486142,103.890302699074
KING ALBERT PARK MRT STATION,1.335893496278,103.783235863233
LITTLE INDIA MRT STATION EXIT F,1.30768781190551,103.848302041276
SOMERSET MRT STATION,1.30025287710542,103.839158336848
TANJONG PAGAR MRT STATION EXIT G,1.2777845402832,103.846953147223
TANJONG PAGAR MRT STATION EXIT I,1.27639271399593,103.845663818607
TUAS MRT DEPOT,1.34220625292052,103.639023145587
BEAUTY WORLD MRT STATION,1.34090149001429,103.775746717778
BOTANIC GARDENS MRT STATION,1.32238699517166,103.815385463093
BRADDELL MRT STATION,1.34010520696434,103.846755921048
BUANGKOK MRT STATION,1.38369417199994,103.893049981318
BUONA VISTA MRT STATION,1.30627534823257,103.790363200126
CITY HALL MRT STATION,1.29298990700923,103.852542630339
CLARKE QUAY MRT STATION,1.28745211415803,103.846119192727
KIM CHUAN UNDERGROUND MRT,1.34431810590127,103.891974051104
RAFFLES PLACE MRT STATION,1.28393326234538,103.851463066212
ANG MO KIO MRT STATION,1.36993284962264,103.849558091776
BISHAN MRT STATION,1.35101889777844,103.850057208608
BUGIS MRT STATION,1.3004650853709,103.855706731205
CHINATOWN MRT STATION,1.2839640518753,103.843141945391
DAKOTA MRT STATION,1.30843144331463,103.889268208422
LORONG CHUAN MRT STATION,1.35153128621585,103.864812169514
MACPHERSON MRT STATION,1.32683963232487,103.890007860464
MARINA BAY MRT STATION,1.27631114381584,103.854604975361
SERANGOON MRT STATION,1.3510482896351,103.871070417199
CALDECOTT MRT STATION,1.33734722320212,103.839544077561
FARRER PARK MRT STATION,1.31314029963164,103.854754721344
HAW PAR VILLA MRT STATION,1.28195688684898,103.781988990137
HILLVIEW MRT STATION,1.36288845715168,103.767780907707
LAVENDER MRT STATION,1.30739187893137,103.862784610013
MOUNTBATTEN MRT STATION,1.30615406128913,103.883045148696
NEWTON MRT STATION,1.31257031730604,103.838031555215
OUTRAM PARK MRT STATION,1.2802415328084,103.840052100136
TIONG BAHRU MRT STATION,1.28619457890544,103.826998939732
WOODLEIGH MRT STATION,1.33982824592182,103.87096088798
BARTLEY MRT STATION,1.3424454382925,103.880197087117
BOON KENG MRT STATION,1.31993957653291,103.862052698446
HARBOURFRONT MRT STATION,1.26531139858465,103.820557316696
HOUGANG MRT STATION,1.37033472429161,103.892261757937
KOVAN MRT STATION,1.35990191952976,103.884494725197
LABRADOR PARK MRT STATION,1.27236838626952,103.803416232089
LITTLE INDIA MRT STATION,1.30724381608438,103.849841614124
POTONG PASIR MRT STATION,1.33137808528793,103.869363547741
SIXTH AVENUE MRT STATION.,1.33096058134451,103.796969279733
TAN KAH KEE MRT STATION,1.32639224146351,103.806548201692
BUKIT PANJANG MRT STATION,1.37956121236613,103.761188866252
BANGKIT LRT STATION (BP9),1.38002223010088,103.772647370452
BUKIT PANJANG LRT STATION (BP6),1.37792694616982,103.763102931112
FAJAR LRT STATION (BP10),1.38457317668026,103.770887223018
FARMWAY LRT STATION (SW2),1.39717019591821,103.889304824196
FERNVALE LRT STATION (SW5),1.39188589234766,103.87630862552
JELAPANG LRT STATION (BP12),1.38673926997961,103.76453408646
KUPANG LRT STATION (SW3),1.39821283031379,103.881256222255
OASIS LRT STATION (PE6),1.40228667971123,103.912727352412
RIVIERA LRT STATION (PE4),1.39451978540251,103.916169381157
SENGKANG LRT STATION (STC),1.39160936379906,103.895442583336
CHOA CHU KANG LRT STATION (BP1),1.38475541089131,103.74453769781
COMPASSVALE LRT STATION (SE1),1.39449304450373,103.900492450944
KADALOOR LRT STATION (PE5),1.39950910636258,103.916574974234
KANGKAR LRT STATION (SE4),1.38395911688913,103.90222537044
KEAT HONG LRT STATION (BP3),1.3786032506373,103.749055668925
PENDING LRT STATION (BP8),1.37613574334988,103.771261175571
PETIR LRT STATION (BP7),1.37777204259082,103.766645782497
SEGAR LRT STATION (BP11),1.38778508663361,103.769599685249
SUMANG LRT STATION (PW6),1.40845241943079,103.898558450395
THANGGAM LRT STATION (SW4),1.39731815581938,103.875635154729
BAKAU LRT STATION (SE3),1.38799431054768,103.905415300171
BEACH LRT STATION (S4),1.25129010193548,103.817802340363
CHENG LIM LRT STATION (SW1),1.39627763344324,103.893797181731
DAMAI LRT STATION (PE7),1.40523483636957,103.908603542566
LAYAR LRT STATION (SW6),1.39207983659997,103.880029600546
MERIDIAN LRT STATION (PE2),1.3969120498774,103.908950224489
PHOENIX LRT STATION (BP5),1.37861545104083,103.757995558346
PUNGGOL LRT STATION (PTC),1.40519470149606,103.902411911915
SENJA LRT STATION (BP13),1.38272547134453,103.76234425472
SOO TECK LRT STATION (PW7),1.40532331860455,103.897290522033
CORAL EDGE LRT STATION (PE3),1.39390922863313,103.912580845515
IMBIAH LRT STATION (S3),1.25391552659623,103.819453456744
PUNGGOL POINT LRT STATION (PW3),1.41684852031206,103.906650789313
RENJONG LRT STATION (SW8),1.38670058991904,103.89062131608
RUMBIA LRT STATION (SE2),1.39146849534132,103.90597359341
SAM KEE LRT STATION (PW1),1.40961268528804,103.904831550608
SAMUDERA LRT STATION (PW4),1.41590172160383,103.902156317163
SOUTH VIEW LRT STATION (BP2),1.38029828742399,103.745291799824
TECK LEE LRT STATION (PW2),1.4127708937463,103.906577622768
TECK WHYE LRT STATION (BP4),1.37668467920808,103.753712232337
COVE LRT STATION (PE1),1.39928198837342,103.905961941214
NIBONG LRT STATION (PW5),1.41185447744238,103.900339452055
RANGGUNG LRT STATION (SE5),1.38423355918277,103.897194667804
TONGKANG LRT STATION (SW7),1.38934794658941,103.885844150116
